[{"model": "admin.logentry", "pk": 1, "fields": {"action_time": "2025-11-26T18:30:18.730Z", "user": 9, "content_type": 4, "object_id": "1", "object_repr": "group3", "action_flag": 3, "change_message": ""}}, {"model": "admin.logentry", "pk": 2, "fields": {"action_time": "2025-11-27T17:20:01.530Z", "user": 9, "content_type": 4, "object_id": "6", "object_repr": "remojomaryangela@gmail.com", "action_flag": 3, "change_message": ""}}, {"model": "admin.logentry", "pk": 3, "fields": {"action_time": "2025-11-27T17:20:10.454Z", "user": 9, "content_type": 4, "object_id": "5", "object_repr": "testaccount@example.com", "action_flag": 3, "change_message": ""}}, {"model": "admin.logentry", "pk": 4, "fields": {"action_time": "2025-11-27T17:20:20.837Z", "user": 9, "content_type": 4, "object_id": "7", "object_repr": "ceorles", "action_flag": 3, "change_message": ""}}, {"model": "admin.logentry", "pk": 5, "fields": {"action_time": "2025-11-27T18:21:32.314Z", "user": 9, "content_type": 12, "object_id": "1", "object_repr": "Harry Potter and the Sorcerer's Stone", "action_flag": 1, "change_message": "[{\"added\": {}}]"}}, {"model": "admin.logentry", "pk": 6, "fields": {"action_time": "2025-11-27T18:22:26.343Z", "user": 9, "content_type": 12, "object_id": "2", "object_repr": "Harry Potter and the Chamber of Secrets", "action_flag": 1, "change_message": "[{\"added\": {}}]"}}, {"model": "admin.logentry", "pk": 7, "fields": {"action_time": "2025-11-27T18:22:32.113Z", "user": 9, "content_type": 12, "object_id": "1", "object_repr": "Harry Potter and the Sorcerer's Stone", "action_flag": 2, "change_message": "[{\"changed\": {\"fields\": [\"Synopsis\"]}}]"}}, {"model": "admin.logentry", "pk": 8, "fields": {"action_time": "2025-11-30T18:02:36.356Z", "user": 9, "content_type": 12, "object_id": "3", "object_repr": "The Very Hungry Caterpillar", "action_flag": 1, "change_message": "[{\"added\": {}}]"}}, {"model": "admin.logentry", "pk": 9, "fields": {"action_time": "2025-11-30T18:03:49.381Z", "user": 9, "content_type": 12, "object_id": "4", "object_repr": "Where the Wild Things Are", "action_flag": 1, "change_message": "[{\"added\": {}}]"}}, {"model": "admin.logentry", "pk": 10, "fields": {"action_time": "2025-11-30T18:04:50.141Z", "user": 9, "content_type": 12, "object_id": "5", "object_repr": "Fullmetal Alchemist", "action_flag": 1, "change_message": "[{\"added\": {}}]"}}, {"model": "admin.logentry", "pk": 11, "fields": {"action_time": "2025-11-30T18:06:05.303Z", "user": 9, "content_type": 12, "object_id": "6", "object_repr": "One-Punch Man", "action_flag": 1, "change_message": "[{\"added\": {}}]"}}, {"model": "admin.logentry", "pk": 12, "fields": {"action_time": "2025-11-30T18:06:49.676Z", "user": 9, "content_type": 12, "object_id": "7", "object_repr": "The Bad Boy's Girl", "action_flag": 1, "change_message": "[{\"added\": {}}]"}}, {"model": "admin.logentry", "pk": 13, "fields": {"action_time": "2025-11-30T18:07:39.191Z", "user": 9, "content_type": 12, "object_id": "8", "object_repr": "My Life with the Walter Boys", "action_flag": 1, "change_message": "[{\"added\": {}}]"}}, {"model": "admin.logentry", "pk": 14, "fields": {"action_time": "2025-11-30T18:08:44.076Z", "user": 9, "content_type": 12, "object_id": "9", "object_repr": "The Diary of a Young Girl", "action_flag": 1, "change_message": "[{\"added\": {}}]"}}, {"model": "admin.logentry", "pk": 15, "fields": {"action_time": "2025-11-30T18:08:57.306Z", "user": 9, "content_type": 12, "object_id": "8", "object_repr": "My Life with the Walter Boys", "action_flag": 2, "change_message": "[{\"changed\": {\"fields\": [\"Category\"]}}]"}}, {"model": "admin.logentry", "pk": 16, "fields": {"action_time": "2025-11-30T18:09:56.348Z", "user": 9, "content_type": 12, "object_id": "10", "object_repr": "Make It Stick Lib/E: The Science of Successful Learning", "action_flag": 1, "change_message": "[{\"added\": {}}]"}}, {"model": "admin.logentry", "pk": 17, "fields": {"action_time": "2025-11-30T18:10:18.221Z", "user": 9, "content_type": 12, "object_id": "10", "object_repr": "Make It Stick Lib/E: The Science of Successful Learning", "action_flag": 2, "change_message": "[{\"changed\": {\"fields\": [\"Cover image\"]}}]"}}, {"model": "auth.permission", "pk": 1, "fields": {"name": "Can add log entry", "content_type": 1, "codename": "add_logentry"}}, {"model": "auth.permission", "pk": 2, "fields": {"name": "Can change log entry", "content_type": 1, "codename": "change_logentry"}}, {"model": "auth.permission", "pk": 3, "fields": {"name": "Can delete log entry", "content_type": 1, "codename": "delete_logentry"}}, {"model": "auth.permission", "pk": 4, "fields": {"name": "Can view log entry", "content_type": 1, "codename": "view_logentry"}}, {"model": "auth.permission", "pk": 5, "fields": {"name": "Can add permission", "content_type": 2, "codename": "add_permission"}}, {"model": "auth.permission", "pk": 6, "fields": {"name": "Can change permission", "content_type": 2, "codename": "change_permission"}}, {"model": "auth.permission", "pk": 7, "fields": {"name": "Can delete permission", "content_type": 2, "codename": "delete_permission"}}, {"model": "auth.permission", "pk": 8, "fields": {"name": "Can view permission", "content_type": 2, "codename": "view_permission"}}, {"model": "auth.permission", "pk": 9, "fields": {"name": "Can add group", "content_type": 3, "codename": "add_group"}}, {"model": "auth.permission", "pk": 10, "fields": {"name": "Can change group", "content_type": 3, "codename": "change_group"}}, {"model": "auth.permission", "pk": 11, "fields": {"name": "Can delete group", "content_type": 3, "codename": "delete_group"}}, {"model": "auth.permission", "pk": 12, "fields": {"name": "Can view group", "content_type": 3, "codename": "view_group"}}, {"model": "auth.permission", "pk": 13, "fields": {"name": "Can add user", "content_type": 4, "codename": "add_user"}}, {"model": "auth.permission", "pk": 14, "fields": {"name": "Can change user", "content_type": 4, "codename": "change_user"}}, {"model": "auth.permission", "pk": 15, "fields": {"name": "Can delete user", "content_type": 4, "codename": "delete_user"}}, {"model": "auth.permission", "pk": 16, "fields": {"name": "Can view user", "content_type": 4, "codename": "view_user"}}, {"model": "auth.permission", "pk": 17, "fields": {"name": "Can add content type", "content_type": 5, "codename": "add_contenttype"}}, {"model": "auth.permission", "pk": 18, "fields": {"name": "Can change content type", "content_type": 5, "codename": "change_contenttype"}}, {"model": "auth.permission", "pk": 19, "fields": {"name": "Can delete content type", "content_type": 5, "codename": "delete_contenttype"}}, {"model": "auth.permission", "pk": 20, "fields": {"name": "Can view content type", "content_type": 5, "codename": "view_contenttype"}}, {"model": "auth.permission", "pk": 21, "fields": {"name": "Can add session", "content_type": 6, "codename": "add_session"}}, {"model": "auth.permission", "pk": 22, "fields": {"name": "Can change session", "content_type": 6, "codename": "change_session"}}, {"model": "auth.permission", "pk": 23, "fields": {"name": "Can delete session", "content_type": 6, "codename": "delete_session"}}, {"model": "auth.permission", "pk": 24, "fields": {"name": "Can view session", "content_type": 6, "codename": "view_session"}}, {"model": "auth.permission", "pk": 25, "fields": {"name": "Can add student", "content_type": 7, "codename": "add_student"}}, {"model": "auth.permission", "pk": 26, "fields": {"name": "Can change student", "content_type": 7, "codename": "change_student"}}, {"model": "auth.permission", "pk": 27, "fields": {"name": "Can delete student", "content_type": 7, "codename": "delete_student"}}, {"model": "auth.permission", "pk": 28, "fields": {"name": "Can view student", "content_type": 7, "codename": "view_student"}}, {"model": "auth.permission", "pk": 29, "fields": {"name": "Can add librarian", "content_type": 8, "codename": "add_librarian"}}, {"model": "auth.permission", "pk": 30, "fields": {"name": "Can change librarian", "content_type": 8, "codename": "change_librarian"}}, {"model": "auth.permission", "pk": 31, "fields": {"name": "Can delete librarian", "content_type": 8, "codename": "delete_librarian"}}, {"model": "auth.permission", "pk": 32, "fields": {"name": "Can view librarian", "content_type": 8, "codename": "view_librarian"}}, {"model": "auth.permission", "pk": 33, "fields": {"name": "Can add Blacklisted Token", "content_type": 9, "codename": "add_blacklistedtoken"}}, {"model": "auth.permission", "pk": 34, "fields": {"name": "Can change Blacklisted Token", "content_type": 9, "codename": "change_blacklistedtoken"}}, {"model": "auth.permission", "pk": 35, "fields": {"name": "Can delete Blacklisted Token", "content_type": 9, "codename": "delete_blacklistedtoken"}}, {"model": "auth.permission", "pk": 36, "fields": {"name": "Can view Blacklisted Token", "content_type": 9, "codename": "view_blacklistedtoken"}}, {"model": "auth.permission", "pk": 37, "fields": {"name": "Can add Outstanding Token", "content_type": 10, "codename": "add_outstandingtoken"}}, {"model": "auth.permission", "pk": 38, "fields": {"name": "Can change Outstanding Token", "content_type": 10, "codename": "change_outstandingtoken"}}, {"model": "auth.permission", "pk": 39, "fields": {"name": "Can delete Outstanding Token", "content_type": 10, "codename": "delete_outstandingtoken"}}, {"model": "auth.permission", "pk": 40, "fields": {"name": "Can view Outstanding Token", "content_type": 10, "codename": "view_outstandingtoken"}}, {"model": "auth.permission", "pk": 41, "fields": {"name": "Can add borrow record", "content_type": 11, "codename": "add_borrowrecord"}}, {"model": "auth.permission", "pk": 42, "fields": {"name": "Can change borrow record", "content_type": 11, "codename": "change_borrowrecord"}}, {"model": "auth.permission", "pk": 43, "fields": {"name": "Can delete borrow record", "content_type": 11, "codename": "delete_borrowrecord"}}, {"model": "auth.permission", "pk": 44, "fields": {"name": "Can view borrow record", "content_type": 11, "codename": "view_borrowrecord"}}, {"model": "auth.permission", "pk": 45, "fields": {"name": "Can add book", "content_type": 12, "codename": "add_book"}}, {"model": "auth.permission", "pk": 46, "fields": {"name": "Can change book", "content_type": 12, "codename": "change_book"}}, {"model": "auth.permission", "pk": 47, "fields": {"name": "Can delete book", "content_type": 12, "codename": "delete_book"}}, {"model": "auth.permission", "pk": 48, "fields": {"name": "Can view book", "content_type": 12, "codename": "view_book"}}, {"model": "auth.user", "pk": 8, "fields": {"password": "pbkdf2_sha256$1000000$4veEK0f2ep4wpxi75JUZt4$LDoi0x1CKTcz8RHYKEX5f48fI1VUbxg1voo2ko1DJ4U=", "last_login": null, "is_superuser": false, "username": "arei", "first_name": "Ceorles Arei", "last_name": "", "email": "berches.avrles09@gmail.com", "is_staff": false, "is_active": true, "date_joined": "2025-11-26T18:26:05.619Z", "groups": [], "user_permissions": []}}, {"model": "auth.user", "pk": 9, "fields": {"password": "pbkdf2_sha256$1000000$S8cb6y9Rqyvr5XKjAP9yJJ$vflFIIRY0gFNY4sM1syspCL4X8DvA1cbyNAP1wDx1BA=", "last_login": "2025-11-26T18:28:35.446Z", "is_superuser": true, "username": "admin", "first_name": "", "last_name": "", "email": "", "is_staff": true, "is_active": true, "date_joined": "2025-11-26T18:28:03.532Z", "groups": [], "user_permissions": []}}, {"model": "auth.user", "pk": 10, "fields": {"password": "pbkdf2_sha256$1000000$nMkZyZUGrl8dbqhmzWY9Gg$RjYsG1KfLwCZlwV7dM/4b0Di16MNXtOKrsSlundJuxo=", "last_login": null, "is_superuser": false, "username": "remojomaryangela@gmail.com", "first_name": "Mary Angela Remojo", "last_name": "", "email": "remojomaryangela@gmail.com", "is_staff": false, "is_active": true, "date_joined": "2025-11-27T17:22:05.597Z", "groups": [], "user_permissions": []}}, {"model": "auth.user", "pk": 12, "fields": {"password": "pbkdf2_sha256$1000000$0GsrOwreGCOs6SzxC2e5su$wd7WPhK37ekS6lyQ4DuFbGYa0uuXal92SeOEtr7OaT8=", "last_login": null, "is_superuser": false, "username": "giananjeanne@gmail.com", "first_name": "Jeanne Nicole Gianan", "last_name": "", "email": "giananjeanne@gmail.com", "is_staff": false, "is_active": true, "date_joined": "2025-11-27T19:34:45.133Z", "groups": [], "user_permissions": []}}, {"model": "auth.user", "pk": 13, "fields": {"password": "pbkdf2_sha256$1000000$LmQ28FjDWka2NWbuzIV7cG$QUQa32WsxjozgA7oBoOJh/pakJ0aRYUMoT4E0s99FF8=", "last_login": null, "is_superuser": false, "username": "biscocholeslianne@gmail.com", "first_name": "Leslianne Biscocho", "last_name": "", "email": "biscocholeslianne@gmail.com", "is_staff": false, "is_active": true, "date_joined": "2025-11-27T19:37:35.841Z", "groups": [], "user_permissions": []}}, {"model": "auth.user", "pk": 14, "fields": {"password": "pbkdf2_sha256$1000000$xFhWOUvkXQuQP2MIm1LCsR$dVi97BCb76QgQEK5lllCYkGBxFWfyREE8q1je7G/5Uw=", "last_login": null, "is_superuser": false, "username": "cantoskyla@gmail.com", "first_name": "Kyla Cantos", "last_name": "", "email": "cantoskyla@gmail.com", "is_staff": false, "is_active": true, "date_joined": "2025-11-27T19:38:16.530Z", "groups": [], "user_permissions": []}}, {"model": "auth.user", "pk": 15, "fields": {"password": "pbkdf2_sha256$1000000$2AaTZlmGmaqcEqvgR03zUC$CWe2mAvQDZDM3KL4J4E1H3yadRwzKFrdaS63xD8PuJs=", "last_login": null, "is_superuser": false, "username": "redotajade@gmail.com", "first_name": "Jade Redota", "last_name": "", "email": "redotajade@gmail.com", "is_staff": false, "is_active": true, "date_joined": "2025-11-27T19:38:57.413Z", "groups": [], "user_permissions": []}}, {"model": "auth.user", "pk": 16, "fields": {"password": "pbkdf2_sha256$1000000$WKkX2zI2Uzc018ddg5IhNr$cQ575B+8i0fiwgn5gE99OOy+bQqymLfiht3EgX7AG9c=", "last_login": null, "is_superuser": false, "username": "encinabrian@gmail.com", "first_name": "Brian Encina", "last_name": "", "email": "encinabrian@gmail.com", "is_staff": false, "is_active": true, "date_joined": "2025-11-27T19:39:30.162Z", "groups": [], "user_permissions": []}}, {"model": "auth.user", "pk": 17, "fields": {"password": "pbkdf2_sha256$1000000$r81VfTIVlWejYC3fCd6ZFZ$batu2fWvJ3wnkTz0JQ4zTK+p7ZvVzmWy4NIjllkCsko=", "last_login": null, "is_superuser": false, "username": "juananejoanne@gmail.com", "first_name": "Joanne Juanane", "last_name": "", "email": "juananejoanne@gmail.com", "is_staff": false, "is_active": true, "date_joined": "2025-11-27T19:40:10.826Z", "groups": [], "user_permissions": []}}, {"model": "auth.user", "pk": 18, "fields": {"password": "pbkdf2_sha256$1000000$GOIs5rKjKX3Ih0s0sP175I$pzhDUtkULcbp05Wh+7kCBmHMfuEDhhuyfTRrZ9tw9OI=", "last_login": null, "is_superuser": false, "username": "agonlance@gmail.com", "first_name": "Lance Agon", "last_name": "", "email": "agonlance@gmail.com", "is_staff": false, "is_active": true, "date_joined": "2025-11-27T19:41:01.641Z", "groups": [], "user_permissions": []}}, {"model": "auth.user", "pk": 19, "fields": {"password": "pbkdf2_sha256$1000000$E9EQJH1Hx48lK5k0GGWBd3$IEz8YEVR19oczE7cfpszgPcqHX1fh8wox+suRyPb2ks=", "last_login": null, "is_superuser": false, "username": "ballatanaimee@gmail.com", "first_name": "Aimee Ballatan", "last_name": "", "email": "ballatanaimee@gmail.com", "is_staff": false, "is_active": true, "date_joined": "2025-11-27T19:42:03.581Z", "groups": [], "user_permissions": []}}, {"model": "auth.user", "pk": 20, "fields": {"password": "pbkdf2_sha256$1000000$IPbszlP1GWlHzzuWbpvKvs$Ns9lhn9rq5/lyG25GcXmxluS0NscLIk/d/GJi0nvIAU=", "last_login": null, "is_superuser": false, "username": "santosstephen@gmail.com", "first_name": "Stephen Santos", "last_name": "", "email": "santosstephen@gmail.com", "is_staff": false, "is_active": true, "date_joined": "2025-11-27T19:42:48.844Z", "groups": [], "user_permissions": []}}, {"model": "auth.user", "pk": 21, "fields": {"password": "pbkdf2_sha256$1000000$hUYPHBkEptJHX1hh8uDVU6$O3Ufa6Zg9kpvsauT64e/5+gLKtV3aRoo3yPv5RxeX6s=", "last_login": null, "is_superuser": false, "username": "liwanagpatrick@gmail.com", "first_name": "Patrick Liwanag", "last_name": "", "email": "liwanagpatrick@gmail.com", "is_staff": false, "is_active": true, "date_joined": "2025-11-27T19:43:41.156Z", "groups": [], "user_permissions": []}}, {"model": "contenttypes.contenttype", "pk": 1, "fields": {"app_label": "admin", "model": "logentry"}}, {"model": "contenttypes.contenttype", "pk": 2, "fields": {"app_label": "auth", "model": "permission"}}, {"model": "contenttypes.contenttype", "pk": 3, "fields": {"app_label": "auth", "model": "group"}}, {"model": "contenttypes.contenttype", "pk": 4, "fields": {"app_label": "auth", "model": "user"}}, {"model": "contenttypes.contenttype", "pk": 5, "fields": {"app_label": "contenttypes", "model": "contenttype"}}, {"model": "contenttypes.contenttype", "pk": 6, "fields": {"app_label": "sessions", "model": "session"}}, {"model": "contenttypes.contenttype", "pk": 7, "fields": {"app_label": "library", "model": "student"}}, {"model": "contenttypes.contenttype", "pk": 8, "fields": {"app_label": "library", "model": "librarian"}}, {"model": "contenttypes.contenttype", "pk": 9, "fields": {"app_label": "token_blacklist", "model": "blacklistedtoken"}}, {"model": "contenttypes.contenttype", "pk": 10, "fields": {"app_label": "token_blacklist", "model": "outstandingtoken"}}, {"model": "contenttypes.contenttype", "pk": 11, "fields": {"app_label": "library", "model": "borrowrecord"}}, {"model": "contenttypes.contenttype", "pk": 12, "fields": {"app_label": "library", "model": "book"}}, {"model": "sessions.session", "pk": "63kxiggq4k1b8v89mhqsxwl0ctbl3nxh", "fields": {"session_data": ".eJxVjEEOwiAQRe_C2hA7EGBcuvcMBIZBqgaS0q6Md5cmXej2vff_W_iwrcVvnRc_J3ERKE6_LAZ6ct1FeoR6b5JaXZc5yj2Rh-3y1hK_rkf7d1BCL2PtlKacWGNUxC4DWjZnJBwohYmsQ5oYYRAGdGB0YAcqQ6YM1iQjPl8Ccjhu:1vOKFn:I0rdZl8bE0aqzrj02nBwALC7WPitte1zBY0C2_BZmDM", "expire_date": "2025-12-10T18:28:35.532Z"}}, {"model": "sessions.session", "pk": "lzc1fyjf38ohfk7v98p5wiej2n1naqqe", "fields": {"session_data": ".eJxVjMEOwiAQBf-FsyFAWQoevfcbyLKAVA0kpT0Z_9026UGvb2bem3nc1uK3nhY_R3Zlkl1-t4D0TPUA8YH13ji1ui5z4IfCT9r51GJ63U7376BgL3vtNCplRcrCCiWkQAIHYJ0giIbGkHPWltIAYLTazeByktLCMEYyLgb2-QLBYTdO:1vMRc4:gqt7ixuidIFa65XRQgs1nCAJpA5pxYyIWA67Wrm8EYI", "expire_date": "2025-12-05T13:55:48.680Z"}}, {"model": "library.student", "pk": 6, "fields": {"user": 10, "student_id": "023A-10449", "contact_number": "09928670526", "sex": "Female"}}, {"model": "library.student", "pk": 8, "fields": {"user": 12, "student_id": "023A-10665", "contact_number": "09999999999", "sex": "Female"}}, {"model": "library.student", "pk": 9, "fields": {"user": 13, "student_id": "023A-10498", "contact_number": "09999999999", "sex": "Female"}}, {"model": "library.student", "pk": 10, "fields": {"user": 14, "student_id": "023A-10473", "contact_number": "09999999999", "sex": "Female"}}, {"model": "library.student", "pk": 11, "fields": {"user": 15, "student_id": "023A-10624", "contact_number": "09999999999", "sex": "Male"}}, {"model": "library.student", "pk": 12, "fields": {"user": 16, "student_id": "023A-10543", "contact_number": "09999999999", "sex": "Male"}}, {"model": "library.student", "pk": 13, "fields": {"user": 17, "student_id": "023A-10664", "contact_number": "09999999999", "sex": "Female"}}, {"model": "library.student", "pk": 14, "fields": {"user": 18, "student_id": "023A-10480", "contact_number": "09999999999", "sex": "Male"}}, {"model": "library.student", "pk": 15, "fields": {"user": 19, "student_id": "022A-9607", "contact_number": "09999999999", "sex": "Female"}}, {"model": "library.student", "pk": 16, "fields": {"user": 20, "student_id": "023A-10520", "contact_number": "09999999999", "sex": "Male"}}, {"model": "library.student", "pk": 17, "fields": {"user": 21, "student_id": "023A-10557", "contact_number": "09999999999", "sex": "Male"}}, {"model": "library.librarian", "pk": 1, "fields": {"user": 8, "profile_picture": "librarian_profiles/till_cdI1b4a.webp"}}, {"model": "library.book", "pk": 1, "fields": {"title": "Harry Potter and the Sorcerer's Stone", "author": "J. K. Rowling", "isbn": "3A-0001", "quantity": 19, "category": "Fiction", "synopsis": "Adaptation of the first of J.K. Rowling's popular children's novels about Harry Potter, a boy who learns on his eleventh birthday that he is the orphaned son of two powerful wizards and possesses unique magical powers of his own. He is summoned from his life as an unwanted child to become a student at Hogwarts, an English boarding school for wizards. There, he meets several friends who become his closest allies and help him discover the truth about his parents' mysterious deaths.", "cover_image": "book_covers/sorcerers.jpg"}}, {"model": "library.book", "pk": 2, "fields": {"title": "Harry Potter and the Chamber of Secrets", "author": "J. K. Rowling", "isbn": "3A-0002", "quantity": 4, "category": "Fiction", "synopsis": "Adaptation of the first of J.K. Rowling's popular children's novels about Harry Potter, a boy who learns on his eleventh birthday that he is the orphaned son of two powerful wizards and possesses unique magical powers of his own. He is summoned from his life as an unwanted child to become a student at Hogwarts, an English boarding school for wizards. There, he meets several friends who become his closest allies and help him discover the truth about his parents' mysterious deaths.", "cover_image": "book_covers/chamber.jpg"}}, {"model": "library.book", "pk": 3, "fields": {"title": "The Very Hungry Caterpillar", "author": "Eric Carle", "isbn": "3A-0003", "quantity": 6, "category": "Children", "synopsis": "The Very Hungry Caterpillar is a 1969 children's picture book designed, illustrated, and written by American author Eric Carle. The plot follows a very hungry caterpillar that consumes a variety of foods before pupating and becoming a butterfly.", "cover_image": "book_covers/The-Very-Hungry-Caterpillar-1-2048.webp"}}, {"model": "library.book", "pk": 4, "fields": {"title": "Where the Wild Things Are", "author": "Maurice Sendak", "isbn": "3A-0004", "quantity": 10, "category": "Children", "synopsis": "Where the Wild Things Are is a 1963 children's picture book written and illustrated by American author and illustrator Maurice Sendak, originally published in hardcover by Harper & Row.", "cover_image": "book_covers/Where_The_Wild_Things_Are_book_cover.jpg"}}, {"model": "library.book", "pk": 5, "fields": {"title": "Fullmetal Alchemist", "author": "Hiromu Arakawa, Makoto Inoue", "isbn": "3A-0005", "quantity": 100, "category": "Graphic", "synopsis": "Fullmetal Alchemist is a Japanese manga series written and illustrated by Hiromu Arakawa. It was serialized in Square Enix's shōnen manga anthology magazine Monthly Shōnen Gangan between July 2001 and June 2010; the publisher later collected the individual chapters in 27 tankōbon", "cover_image": "book_covers/MV5BMzNiODA5NjYtYWExZS00OTc4LTg3N2ItYWYwYTUyYmM5MWViXkEyXkFqcGc._V1_FMjpg_UX1000_.jpg"}}, {"model": "library.book", "pk": 6, "fields": {"title": "One-Punch Man", "author": "Yusuke Murata", "isbn": "3A-0006", "quantity": 100, "category": "Graphic", "synopsis": "One-Punch Man is a Japanese manga series created by One, originally released as a webcomic in early 2009. It tells the story of Saitama, an independent superhero who, having trained to the point that he can defeat any opponent with a single punch, grows deeply bored from a lack of challenge.", "cover_image": "book_covers/op.jpg"}}, {"model": "library.book", "pk": 7, "fields": {"title": "The Bad Boy's Girl", "author": "Blair Holden", "isbn": "3A-0007", "quantity": 100, "category": "Modern", "synopsis": "A Wattpad Story with 160 Million reads online! This new edition contains never before seen, exclusive content! Tessa O'Connell is a girl as ordinary as they come-or so she thinks. Her aim for senior year is to keep her head down yet somehow manage to convince her childhood love Jay Stone to love her back", "cover_image": "book_covers/the-bad-boy-s-girl.jpg"}}, {"model": "library.book", "pk": 8, "fields": {"title": "My Life with the Walter Boys", "author": "Ali Novak", "isbn": "3A-0008", "quantity": 1, "category": "Modern", "synopsis": "My Life with the Walter Boys is a young adult romance novel by Ali Novak, and the first installment in the Walter Boys series.", "cover_image": "book_covers/my_life.jpg"}}, {"model": "library.book", "pk": 9, "fields": {"title": "The Diary of a Young Girl", "author": "Anne Frank", "isbn": "3A-0009", "quantity": 5, "category": "Non-Fiction", "synopsis": "The Diary of a Young Girl, commonly referred to as The Diary of Anne Frank, is a book of the writings from the Dutch-language diary kept by Anne Frank while she was in hiding for two years with her family during the Nazi occupation of the Netherlands.", "cover_image": "book_covers/48855.jpg"}}, {"model": "library.book", "pk": 10, "fields": {"title": "Make It Stick Lib/E: The Science of Successful Learning", "author": "Henry L. Roediger III, Mark A. McDaniel, and Peter C. Brown", "isbn": "3A-0010", "quantity": 99, "category": "Academic", "synopsis": "The international bestseller that has helped millions of students, teachers, and lifelong learners use proven approaches to learn better and remember longer.“We have made Make It Stick a touchstone for our instructors ... to gain a real advantage for our learners as they tackle some of the toughest work in the world.", "cover_image": "book_covers/9780674729018.jpg"}}, {"model": "library.borrowrecord", "pk": 1, "fields": {"student": 6, "book": 1, "borrow_date": "2025-11-28", "is_returned": true, "status": "Returned", "return_date": null}}, {"model": "library.borrowrecord", "pk": 2, "fields": {"student": 6, "book": 1, "borrow_date": "2025-11-28", "is_returned": false, "status": "Rejected", "return_date": null}}, {"model": "library.borrowrecord", "pk": 3, "fields": {"student": 6, "book": 1, "borrow_date": "2025-11-28", "is_returned": false, "status": "Rejected", "return_date": null}}, {"model": "library.borrowrecord", "pk": 4, "fields": {"student": 6, "book": 1, "borrow_date": "2025-11-28", "is_returned": false, "status": "Rejected", "return_date": null}}, {"model": "library.borrowrecord", "pk": 5, "fields": {"student": 6, "book": 1, "borrow_date": "2025-11-28", "is_returned": false, "status": "Rejected", "return_date": null}}, {"model": "library.borrowrecord", "pk": 6, "fields": {"student": 6, "book": 2, "borrow_date": "2025-12-01", "is_returned": false, "status": "Approved", "return_date": null}}, {"model": "library.borrowrecord", "pk": 7, "fields": {"student": 6, "book": 1, "borrow_date": "2025-12-01", "is_returned": true, "status": "Returned", "return_date": "2025-11-30"}}, {"model": "library.borrowrecord", "pk": 8, "fields": {"student": 6, "book": 10, "borrow_date": "2025-12-01", "is_returned": false, "status": "Approved", "return_date": null}}, {"model": "library.borrowrecord", "pk": 9, "fields": {"student": 6, "book": 1, "borrow_date": "2025-12-01", "is_returned": false, "status": "Approved", "return_date": null}}, {"model": "token_blacklist.outstandingtoken", "pk": 1, "fields": {"user": 8, "jti": "0b6f5a7e9a2845d09d789be414c79373", "token": "eyJhbGciOiJIUzI1NiIsInR5cCI6IkpXVCJ9.eyJ0b2tlbl90eXBlIjoicmVmcmVzaCIsImV4cCI6MTc2NDI2Nzk4NiwiaWF0IjoxNzY0MTgxNTg2LCJqdGkiOiIwYjZmNWE3ZTlhMjg0NWQwOWQ3ODliZTQxNGM3OTM3MyIsInVzZXJfaWQiOiI4In0.0HmHIj_rvsaTJWe8RgyYZXhECr4AIYLaJUhyrkUvprs", "created_at": "2025-11-26T18:26:26.157Z", "expires_at": "2025-11-27T18:26:26Z"}}, {"model": "token_blacklist.outstandingtoken", "pk": 2, "fields": {"user": 8, "jti": "12e6bb290a864a83b419110fac4910f2", "token": "eyJhbGciOiJIUzI1NiIsInR5cCI6IkpXVCJ9.eyJ0b2tlbl90eXBlIjoicmVmcmVzaCIsImV4cCI6MTc2NDI3MzgxNCwiaWF0IjoxNzY0MTg3NDE0LCJqdGkiOiIxMmU2YmIyOTBhODY0YTgzYjQxOTExMGZhYzQ5MTBmMiIsInVzZXJfaWQiOiI4In0.837T_oTaAHSyoWXjg5pR01gOPLI3o4xHfUSXQu12NqU", "created_at": "2025-11-26T20:03:34.709Z", "expires_at": "2025-11-27T20:03:34Z"}}, {"model": "token_blacklist.outstandingtoken", "pk": 3, "fields": {"user": 8, "jti": "65e1c761aabc4d7bbe29c72148ee9994", "token": "eyJhbGciOiJIUzI1NiIsInR5cCI6IkpXVCJ9.eyJ0b2tlbl90eXBlIjoicmVmcmVzaCIsImV4cCI6MTc2NDI3NDMxMywiaWF0IjoxNzY0MTg3OTEzLCJqdGkiOiI2NWUxYzc2MWFhYmM0ZDdiYmUyOWM3MjE0OGVlOTk5NCIsInVzZXJfaWQiOiI4In0.O5P7uQNZbAbKtdsaE5l9Gbu0zTx9VGApKJzQCfhtuec", "created_at": "2025-11-26T20:11:53.305Z", "expires_at": "2025-11-27T20:11:53Z"}}, {"model": "token_blacklist.outstandingtoken", "pk": 4, "fields": {"user": 8, "jti": "ed0d8ae19282458f9a0f02ad941380c2", "token": "eyJhbGciOiJIUzI1NiIsInR5cCI6IkpXVCJ9.eyJ0b2tlbl90eXBlIjoicmVmcmVzaCIsImV4cCI6MTc2NDI3NDMxOSwiaWF0IjoxNzY0MTg3OTE5LCJqdGkiOiJlZDBkOGFlMTkyODI0NThmOWEwZjAyYWQ5NDEzODBjMiIsInVzZXJfaWQiOiI4In0.HBlhxSLacD0IFqXGMaz921ffsRHFmYkKHmpeHRUwG-c", "created_at": "2025-11-26T20:11:59.665Z", "expires_at": "2025-11-27T20:11:59Z"}}, {"model": "token_blacklist.outstandingtoken", "pk": 5, "fields": {"user": 8, "jti": "a38776eac90b40e99f78b0bbff63916a", "token": "eyJhbGciOiJIUzI1NiIsInR5cCI6IkpXVCJ9.eyJ0b2tlbl90eXBlIjoicmVmcmVzaCIsImV4cCI6MTc2NDI3NDMzNywiaWF0IjoxNzY0MTg3OTM3LCJqdGkiOiJhMzg3NzZlYWM5MGI0MGU5OWY3OGIwYmJmZjYzOTE2YSIsInVzZXJfaWQiOiI4In0.LDRd2ym1Xs0p6BobyA4HJu0XnvC5SHbCN1PXmpZfpoU", "created_at": "2025-11-26T20:12:17.049Z", "expires_at": "2025-11-27T20:12:17Z"}}, {"model": "token_blacklist.outstandingtoken", "pk": 6, "fields": {"user": 8, "jti": "014c597c8089414793567986c5c40fba", "token": "eyJhbGciOiJIUzI1NiIsInR5cCI6IkpXVCJ9.eyJ0b2tlbl90eXBlIjoicmVmcmVzaCIsImV4cCI6MTc2NDM0NzI0NCwiaWF0IjoxNzY0MjYwODQ0LCJqdGkiOiIwMTRjNTk3YzgwODk0MTQ3OTM1Njc5ODZjNWM0MGZiYSIsInVzZXJfaWQiOiI4In0.k9T5jMLxKtTWpeml-KcxU8v1Bbf1-j4EntyMjmbKs-0", "created_at": "2025-11-27T16:27:24.176Z", "expires_at": "2025-11-28T16:27:24Z"}}, {"model": "token_blacklist.outstandingtoken", "pk": 7, "fields": {"user": 8, "jti": "2ccf4ad76ee04c7f843d7964e3c190ea", "token": "eyJhbGciOiJIUzI1NiIsInR5cCI6IkpXVCJ9.eyJ0b2tlbl90eXBlIjoicmVmcmVzaCIsImV4cCI6MTc2NDM0ODkwMywiaWF0IjoxNzY0MjYyNTAzLCJqdGkiOiIyY2NmNGFkNzZlZTA0YzdmODQzZDc5NjRlM2MxOTBlYSIsInVzZXJfaWQiOiI4In0.uThvjRy6lLih7wvNFoAZ68ZGRqZrezIX_0SgiMgWxUM", "created_at": "2025-11-27T16:55:03.423Z", "expires_at": "2025-11-28T16:55:03Z"}}, {"model": "token_blacklist.outstandingtoken", "pk": 8, "fields": {"user": 8, "jti": "2af40ba6468547a4887b7bd1d320b149", "token": "eyJhbGciOiJIUzI1NiIsInR5cCI6IkpXVCJ9.eyJ0b2tlbl90eXBlIjoicmVmcmVzaCIsImV4cCI6MTc2NDM0OTg5OSwiaWF0IjoxNzY0MjYzNDk5LCJqdGkiOiIyYWY0MGJhNjQ2ODU0N2E0ODg3YjdiZDFkMzIwYjE0OSIsInVzZXJfaWQiOiI4In0.AOl6Y6e4pqwTYlAyveAAJQiDdmrlXGZ8h5rPjdkueWU", "created_at": "2025-11-27T17:11:39.192Z", "expires_at": "2025-11-28T17:11:39Z"}}, {"model": "token_blacklist.outstandingtoken", "pk": 9, "fields": {"user": 8, "jti": "3fcea762076242fa9d4d8a1de608d05b", "token": "eyJhbGciOiJIUzI1NiIsInR5cCI6IkpXVCJ9.eyJ0b2tlbl90eXBlIjoicmVmcmVzaCIsImV4cCI6MTc2NDM1MDE3MiwiaWF0IjoxNzY0MjYzNzcyLCJqdGkiOiIzZmNlYTc2MjA3NjI0MmZhOWQ0ZDhhMWRlNjA4ZDA1YiIsInVzZXJfaWQiOiI4In0.NUswyZzvudjCvyCqwKD2WG938vAC35pmro1X4iSKtwE", "created_at": "2025-11-27T17:16:12.615Z", "expires_at": "2025-11-28T17:16:12Z"}}, {"model": "token_blacklist.outstandingtoken", "pk": 10, "fields": {"user": 10, "jti": "6fd740ffc1864cb09c9271160dd2817b", "token": "eyJhbGciOiJIUzI1NiIsInR5cCI6IkpXVCJ9.eyJ0b2tlbl90eXBlIjoicmVmcmVzaCIsImV4cCI6MTc2NDM1MDU1MywiaWF0IjoxNzY0MjY0MTUzLCJqdGkiOiI2ZmQ3NDBmZmMxODY0Y2IwOWM5MjcxMTYwZGQyODE3YiIsInVzZXJfaWQiOiIxMCJ9.pUPAupdSXFtiEsZXJoUzw3woh2z9Cfp4mFi5NV7ERdo", "created_at": "2025-11-27T17:22:33.343Z", "expires_at": "2025-11-28T17:22:33Z"}}, {"model": "token_blacklist.outstandingtoken", "pk": 11, "fields": {"user": 8, "jti": "14c0948280f942eb8be1bf5fbcafa1fb", "token": "eyJhbGciOiJIUzI1NiIsInR5cCI6IkpXVCJ9.eyJ0b2tlbl90eXBlIjoicmVmcmVzaCIsImV4cCI6MTc2NDM1MDczMSwiaWF0IjoxNzY0MjY0MzMxLCJqdGkiOiIxNGMwOTQ4MjgwZjk0MmViOGJlMWJmNWZiY2FmYTFmYiIsInVzZXJfaWQiOiI4In0.P6bcaoK-glPy2Ro3VNAO06yDnBDUuF5J4CTXj-zZnqc", "created_at": "2025-11-27T17:25:31.069Z", "expires_at": "2025-11-28T17:25:31Z"}}, {"model": "token_blacklist.outstandingtoken", "pk": 12, "fields": {"user": 10, "jti": "991937c157834206875c9ff4f82bb09f", "token": "eyJhbGciOiJIUzI1NiIsInR5cCI6IkpXVCJ9.eyJ0b2tlbl90eXBlIjoicmVmcmVzaCIsImV4cCI6MTc2NDM1MjMwMiwiaWF0IjoxNzY0MjY1OTAyLCJqdGkiOiI5OTE5MzdjMTU3ODM0MjA2ODc1YzlmZjRmODJiYjA5ZiIsInVzZXJfaWQiOiIxMCJ9.VqgHNc6m3DSSYH4zHm7yb2v1IhEUhQ1mKEXMaWET1bg", "created_at": "2025-11-27T17:51:42.820Z", "expires_at": "2025-11-28T17:51:42Z"}}, {"model": "token_blacklist.outstandingtoken", "pk": 13, "fields": {"user": 10, "jti": "5c92e8bae4ae4f0b935c277a3a6e3823", "token": "eyJhbGciOiJIUzI1NiIsInR5cCI6IkpXVCJ9.eyJ0b2tlbl90eXBlIjoicmVmcmVzaCIsImV4cCI6MTc2NDM1NDE4MywiaWF0IjoxNzY0MjY3NzgzLCJqdGkiOiI1YzkyZThiYWU0YWU0ZjBiOTM1YzI3N2EzYTZlMzgyMyIsInVzZXJfaWQiOiIxMCJ9.DcL9XOf71AC7Yn4FuPTxoqkTboKO_x9TJz5m3QIgQFQ", "created_at": "2025-11-27T18:23:03.396Z", "expires_at": "2025-11-28T18:23:03Z"}}, {"model": "token_blacklist.outstandingtoken", "pk": 14, "fields": {"user": 10, "jti": "9a21bc3a981a4af39bb64b52fcf0cab1", "token": "eyJhbGciOiJIUzI1NiIsInR5cCI6IkpXVCJ9.eyJ0b2tlbl90eXBlIjoicmVmcmVzaCIsImV4cCI6MTc2NDM1NDMxOSwiaWF0IjoxNzY0MjY3OTE5LCJqdGkiOiI5YTIxYmMzYTk4MWE0YWYzOWJiNjRiNTJmY2YwY2FiMSIsInVzZXJfaWQiOiIxMCJ9.ymMmr_fJrsT0arPiI2cm1Y9nlFpPQsLs3Bohh4WuHLY", "created_at": "2025-11-27T18:25:19.683Z", "expires_at": "2025-11-28T18:25:19Z"}}, {"model": "token_blacklist.outstandingtoken", "pk": 15, "fields": {"user": 10, "jti": "7254cf5c8f5e4bd08fa7bc275c3e20ff", "token": "eyJhbGciOiJIUzI1NiIsInR5cCI6IkpXVCJ9.eyJ0b2tlbl90eXBlIjoicmVmcmVzaCIsImV4cCI6MTc2NDM1NDUwNiwiaWF0IjoxNzY0MjY4MTA2LCJqdGkiOiI3MjU0Y2Y1YzhmNWU0YmQwOGZhN2JjMjc1YzNlMjBmZiIsInVzZXJfaWQiOiIxMCJ9.9SOXtlkQV4qugOdmuEhauVh4NuOEzK2_pwg_bsXMTis", "created_at": "2025-11-27T18:28:26.206Z", "expires_at": "2025-11-28T18:28:26Z"}}, {"model": "token_blacklist.outstandingtoken", "pk": 16, "fields": {"user": 10, "jti": "c333d858333b4f59b18f95083abd1a51", "token": "eyJhbGciOiJIUzI1NiIsInR5cCI6IkpXVCJ9.eyJ0b2tlbl90eXBlIjoicmVmcmVzaCIsImV4cCI6MTc2NDM1ODM0OCwiaWF0IjoxNzY0MjcxOTQ4LCJqdGkiOiJjMzMzZDg1ODMzM2I0ZjU5YjE4Zjk1MDgzYWJkMWE1MSIsInVzZXJfaWQiOiIxMCJ9.ic7DvBc6JHxcHTLp4Ykw4K8D067ulAmA5mzJO4GQf8o", "created_at": "2025-11-27T19:32:28.706Z", "expires_at": "2025-11-28T19:32:28Z"}}, {"model": "token_blacklist.outstandingtoken", "pk": 17, "fields": {"user": 8, "jti": "0cb37510458e47d694520b05ec66cd2d", "token": "eyJhbGciOiJIUzI1NiIsInR5cCI6IkpXVCJ9.eyJ0b2tlbl90eXBlIjoicmVmcmVzaCIsImV4cCI6MTc2NDM1ODM3MywiaWF0IjoxNzY0MjcxOTczLCJqdGkiOiIwY2IzNzUxMDQ1OGU0N2Q2OTQ1MjBiMDVlYzY2Y2QyZCIsInVzZXJfaWQiOiI4In0.gx_fmFvIyIPY8RIyoku845Hm2yMW9ceEyhK8-PFsR2I", "created_at": "2025-11-27T19:32:53.807Z", "expires_at": "2025-11-28T19:32:53Z"}}, {"model": "token_blacklist.outstandingtoken", "pk": 18, "fields": {"user": 8, "jti": "0d33ab26f5574de8a2aa724c21c7cce1", "token": "eyJhbGciOiJIUzI1NiIsInR5cCI6IkpXVCJ9.eyJ0b2tlbl90eXBlIjoicmVmcmVzaCIsImV4cCI6MTc2NDM1OTAzMSwiaWF0IjoxNzY0MjcyNjMxLCJqdGkiOiIwZDMzYWIyNmY1NTc0ZGU4YTJhYTcyNGMyMWM3Y2NlMSIsInVzZXJfaWQiOiI4In0.hYv25sFgbl0ugST2To7QbrMR0Q-VNsvevkJOE2p2f5A", "created_at": "2025-11-27T19:43:51.702Z", "expires_at": "2025-11-28T19:43:51Z"}}, {"model": "token_blacklist.outstandingtoken", "pk": 19, "fields": {"user": 10, "jti": "d5ceaa4357574cc08e89d2fa72b3a86e", "token": "eyJhbGciOiJIUzI1NiIsInR5cCI6IkpXVCJ9.eyJ0b2tlbl90eXBlIjoicmVmcmVzaCIsImV4cCI6MTc2NDM1OTE3MSwiaWF0IjoxNzY0MjcyNzcxLCJqdGkiOiJkNWNlYWE0MzU3NTc0Y2MwOGU4OWQyZmE3MmIzYTg2ZSIsInVzZXJfaWQiOiIxMCJ9.DdVr4E3uPsVg14POTmc82nz-2QsjEsRTQ22P0aE-a5k", "created_at": "2025-11-27T19:46:11.666Z", "expires_at": "2025-11-28T19:46:11Z"}}, {"model": "token_blacklist.outstandingtoken", "pk": 20, "fields": {"user": 8, "jti": "9faa6cac2c3f4fc5ac24f9209126a965", "token": "eyJhbGciOiJIUzI1NiIsInR5cCI6IkpXVCJ9.eyJ0b2tlbl90eXBlIjoicmVmcmVzaCIsImV4cCI6MTc2NDYwODc3MCwiaWF0IjoxNzY0NTIyMzcwLCJqdGkiOiI5ZmFhNmNhYzJjM2Y0ZmM1YWMyNGY5MjA5MTI2YTk2NSIsInVzZXJfaWQiOiI4In0.U5ZGHxraR5nrAPT2USQ8xiO-xqz9hHfZrRqCCIApaBo", "created_at": "2025-11-30T17:06:10.817Z", "expires_at": "2025-12-01T17:06:10Z"}}, {"model": "token_blacklist.outstandingtoken", "pk": 21, "fields": {"user": 10, "jti": "6c2b4a38d86e4537b5d12824f4fb9e65", "token": "eyJhbGciOiJIUzI1NiIsInR5cCI6IkpXVCJ9.eyJ0b2tlbl90eXBlIjoicmVmcmVzaCIsImV4cCI6MTc2NDYwODg5MSwiaWF0IjoxNzY0NTIyNDkxLCJqdGkiOiI2YzJiNGEzOGQ4NmU0NTM3YjVkMTI4MjRmNGZiOWU2NSIsInVzZXJfaWQiOiIxMCJ9.n_rvpo8WGlMBC6N8U9IahFiSErcgpjbBvAixbfKjWtk", "created_at": "2025-11-30T17:08:11.107Z", "expires_at": "2025-12-01T17:08:11Z"}}, {"model": "token_blacklist.outstandingtoken", "pk": 22, "fields": {"user": 8, "jti": "afd4efb911ec4bedb42ee626c1910fd0", "token": "eyJhbGciOiJIUzI1NiIsInR5cCI6IkpXVCJ9.eyJ0b2tlbl90eXBlIjoicmVmcmVzaCIsImV4cCI6MTc2NDYwOTA1NCwiaWF0IjoxNzY0NTIyNjU0LCJqdGkiOiJhZmQ0ZWZiOTExZWM0YmVkYjQyZWU2MjZjMTkxMGZkMCIsInVzZXJfaWQiOiI4In0.n57zdtMogfhb7O20bddqGiwCZ8FO1rsSMydvY5aI5g8", "created_at": "2025-11-30T17:10:54.232Z", "expires_at": "2025-12-01T17:10:54Z"}}, {"model": "token_blacklist.outstandingtoken", "pk": 23, "fields": {"user": 8, "jti": "f3eb48deb7a9483295f7f1538ea9e4bd", "token": "eyJhbGciOiJIUzI1NiIsInR5cCI6IkpXVCJ9.eyJ0b2tlbl90eXBlIjoicmVmcmVzaCIsImV4cCI6MTc2NDYwOTcyMCwiaWF0IjoxNzY0NTIzMzIwLCJqdGkiOiJmM2ViNDhkZWI3YTk0ODMyOTVmN2YxNTM4ZWE5ZTRiZCIsInVzZXJfaWQiOiI4In0.bk3-2h8bnJJUrVBwgbkcIOzZOZ0c3pE-t_BR9PXicQI", "created_at": "2025-11-30T17:22:00.504Z", "expires_at": "2025-12-01T17:22:00Z"}}, {"model": "token_blacklist.outstandingtoken", "pk": 24, "fields": {"user": 10, "jti": "52f3b00f12e34237815402fe3aa99450", "token": "eyJhbGciOiJIUzI1NiIsInR5cCI6IkpXVCJ9.eyJ0b2tlbl90eXBlIjoicmVmcmVzaCIsImV4cCI6MTc2NDYwOTc1OSwiaWF0IjoxNzY0NTIzMzU5LCJqdGkiOiI1MmYzYjAwZjEyZTM0MjM3ODE1NDAyZmUzYWE5OTQ1MCIsInVzZXJfaWQiOiIxMCJ9.gZ5Esb6dndFxqu94sHwZU6hQZtW_Bz6376Xtse3rvK4", "created_at": "2025-11-30T17:22:39.129Z", "expires_at": "2025-12-01T17:22:39Z"}}, {"model": "token_blacklist.outstandingtoken", "pk": 25, "fields": {"user": 8, "jti": "cbc46bfbe39c4ec8a1eb9fc4dacef33f", "token": "eyJhbGciOiJIUzI1NiIsInR5cCI6IkpXVCJ9.eyJ0b2tlbl90eXBlIjoicmVmcmVzaCIsImV4cCI6MTc2NDYxMDk3MiwiaWF0IjoxNzY0NTI0NTcyLCJqdGkiOiJjYmM0NmJmYmUzOWM0ZWM4YTFlYjlmYzRkYWNlZjMzZiIsInVzZXJfaWQiOiI4In0.8P1NPaaQwCJ6WCkDu5BqzV7HC07VTHBh5XsEbVvieNI", "created_at": "2025-11-30T17:42:52.127Z", "expires_at": "2025-12-01T17:42:52Z"}}, {"model": "token_blacklist.outstandingtoken", "pk": 26, "fields": {"user": 10, "jti": "6be03718a8fd43899ec886342a1c5592", "token": "eyJhbGciOiJIUzI1NiIsInR5cCI6IkpXVCJ9.eyJ0b2tlbl90eXBlIjoicmVmcmVzaCIsImV4cCI6MTc2NDYxMTA3MCwiaWF0IjoxNzY0NTI0NjcwLCJqdGkiOiI2YmUwMzcxOGE4ZmQ0Mzg5OWVjODg2MzQyYTFjNTU5MiIsInVzZXJfaWQiOiIxMCJ9.bUSyTigG1gr7QXa47x2poYrBU5kpOp8xIid0RuPePL8", "created_at": "2025-11-30T17:44:30.812Z", "expires_at": "2025-12-01T17:44:30Z"}}, {"model": "token_blacklist.outstandingtoken", "pk": 27, "fields": {"user": 10, "jti": "9c472d36f2bc476898e21d75097b1a4b", "token": "eyJhbGciOiJIUzI1NiIsInR5cCI6IkpXVCJ9.eyJ0b2tlbl90eXBlIjoicmVmcmVzaCIsImV4cCI6MTc2NDYxMjY5NSwiaWF0IjoxNzY0NTI2Mjk1LCJqdGkiOiI5YzQ3MmQzNmYyYmM0NzY4OThlMjFkNzUwOTdiMWE0YiIsInVzZXJfaWQiOiIxMCJ9.5U0y8TtNrn24oF9KqUGoa976rLOMcx1pq8PGrrrxlh0", "created_at": "2025-11-30T18:11:35.280Z", "expires_at": "2025-12-01T18:11:35Z"}}, {"model": "token_blacklist.outstandingtoken", "pk": 28, "fields": {"user": 8, "jti": "18c91a0c797e4287ab91bfe4c4063916", "token": "eyJhbGciOiJIUzI1NiIsInR5cCI6IkpXVCJ9.eyJ0b2tlbl90eXBlIjoicmVmcmVzaCIsImV4cCI6MTc2NDYxMzcxNCwiaWF0IjoxNzY0NTI3MzE0LCJqdGkiOiIxOGM5MWEwYzc5N2U0Mjg3YWI5MWJmZTRjNDA2MzkxNiIsInVzZXJfaWQiOiI4In0.bp9H0LjRkrakOfj-W3ur1p31fe9DUWO1ywiLjg7kEo4", "created_at": "2025-11-30T18:28:34.394Z", "expires_at": "2025-12-01T18:28:34Z"}}, {"model": "token_blacklist.outstandingtoken", "pk": 29, "fields": {"user": 8, "jti": "60079e312a254a3c821978fa456289cb", "token": "eyJhbGciOiJIUzI1NiIsInR5cCI6IkpXVCJ9.eyJ0b2tlbl90eXBlIjoicmVmcmVzaCIsImV4cCI6MTc2NDYxNDA2NywiaWF0IjoxNzY0NTI3NjY3LCJqdGkiOiI2MDA3OWUzMTJhMjU0YTNjODIxOTc4ZmE0NTYyODljYiIsInVzZXJfaWQiOiI4In0.aqmElNwiSWyLhC9bqG2HHSya78qti-Q1BWWkQOIPSSs", "created_at": "2025-11-30T18:34:27.731Z", "expires_at": "2025-12-01T18:34:27Z"}}, {"model": "token_blacklist.outstandingtoken", "pk": 30, "fields": {"user": 8, "jti": "7bdd13567f6940c2a0041e5ee2851639", "token": "eyJhbGciOiJIUzI1NiIsInR5cCI6IkpXVCJ9.eyJ0b2tlbl90eXBlIjoicmVmcmVzaCIsImV4cCI6MTc2NDYxNDc5NiwiaWF0IjoxNzY0NTI4Mzk2LCJqdGkiOiI3YmRkMTM1NjdmNjk0MGMyYTAwNDFlNWVlMjg1MTYzOSIsInVzZXJfaWQiOiI4In0.rAe8w1cEI_JdlZR-gFzRAdIv-NUmEdktMo1OAsHdMbY", "created_at": "2025-11-30T18:46:36.837Z", "expires_at": "2025-12-01T18:46:36Z"}}, {"model": "token_blacklist.outstandingtoken", "pk": 31, "fields": {"user": 10, "jti": "62d231a6b5474252a102f8b62d55d790", "token": "eyJhbGciOiJIUzI1NiIsInR5cCI6IkpXVCJ9.eyJ0b2tlbl90eXBlIjoicmVmcmVzaCIsImV4cCI6MTc2NDYxNDgzMSwiaWF0IjoxNzY0NTI4NDMxLCJqdGkiOiI2MmQyMzFhNmI1NDc0MjUyYTEwMmY4YjYyZDU1ZDc5MCIsInVzZXJfaWQiOiIxMCJ9.Nk42HJaMJx304bntAFBdbLTMj0-QLsEzcYB7KTZMlSQ", "created_at": "2025-11-30T18:47:11.044Z", "expires_at": "2025-12-01T18:47:11Z"}}, {"model": "token_blacklist.outstandingtoken", "pk": 32, "fields": {"user": 8, "jti": "04553b8ed2a2404ba20b1658c1ae4e3c", "token": "eyJhbGciOiJIUzI1NiIsInR5cCI6IkpXVCJ9.eyJ0b2tlbl90eXBlIjoicmVmcmVzaCIsImV4cCI6MTc2NDYxNTMyMiwiaWF0IjoxNzY0NTI4OTIyLCJqdGkiOiIwNDU1M2I4ZWQyYTI0MDRiYTIwYjE2NThjMWFlNGUzYyIsInVzZXJfaWQiOiI4In0.FpPK_-eN3gyFDXxBdkBQH1jqcdtw9LgkeMqLRSfA8TU", "created_at": "2025-11-30T18:55:22.473Z", "expires_at": "2025-12-01T18:55:22Z"}}, {"model": "token_blacklist.outstandingtoken", "pk": 33, "fields": {"user": 10, "jti": "6663a15dabd148be9cbc6b26f547e414", "token": "eyJhbGciOiJIUzI1NiIsInR5cCI6IkpXVCJ9.eyJ0b2tlbl90eXBlIjoicmVmcmVzaCIsImV4cCI6MTc2NDYxNTMzMSwiaWF0IjoxNzY0NTI4OTMxLCJqdGkiOiI2NjYzYTE1ZGFiZDE0OGJlOWNiYzZiMjZmNTQ3ZTQxNCIsInVzZXJfaWQiOiIxMCJ9.EjInKDTyG18VsDLIOJvEDVtLwE6aNeYISlS5EaNGLLY", "created_at": "2025-11-30T18:55:31.243Z", "expires_at": "2025-12-01T18:55:31Z"}}, {"model": "token_blacklist.outstandingtoken", "pk": 34, "fields": {"user": 8, "jti": "366fc8106fcc420b8427f51fd01f8e52", "token": "eyJhbGciOiJIUzI1NiIsInR5cCI6IkpXVCJ9.eyJ0b2tlbl90eXBlIjoicmVmcmVzaCIsImV4cCI6MTc2NDYxNTc3NywiaWF0IjoxNzY0NTI5Mzc3LCJqdGkiOiIzNjZmYzgxMDZmY2M0MjBiODQyN2Y1MWZkMDFmOGU1MiIsInVzZXJfaWQiOiI4In0.E4E3NlmdfNa7EQNRM0CKVBeAIXsawarWAFTlRwvy7as", "created_at": "2025-11-30T19:02:57.582Z", "expires_at": "2025-12-01T19:02:57Z"}}, {"model": "token_blacklist.outstandingtoken", "pk": 35, "fields": {"user": 8, "jti": "4ec19f209938487bba3204c270c6b60b", "token": "eyJhbGciOiJIUzI1NiIsInR5cCI6IkpXVCJ9.eyJ0b2tlbl90eXBlIjoicmVmcmVzaCIsImV4cCI6MTc2NDYxNjEzOCwiaWF0IjoxNzY0NTI5NzM4LCJqdGkiOiI0ZWMxOWYyMDk5Mzg0ODdiYmEzMjA0YzI3MGM2YjYwYiIsInVzZXJfaWQiOiI4In0.wTrZy0JEsrZqeBIcXzs4M_iLU87nuNKMHinArL-1HnA", "created_at": "2025-11-30T19:08:58.438Z", "expires_at": "2025-12-01T19:08:58Z"}}, {"model": "token_blacklist.outstandingtoken", "pk": 36, "fields": {"user": 8, "jti": "047dfea710f34562a2a5ac91dad8e66d", "token": "eyJhbGciOiJIUzI1NiIsInR5cCI6IkpXVCJ9.eyJ0b2tlbl90eXBlIjoicmVmcmVzaCIsImV4cCI6MTc2NDYxODU4OCwiaWF0IjoxNzY0NTMyMTg4LCJqdGkiOiIwNDdkZmVhNzEwZjM0NTYyYTJhNWFjOTFkYWQ4ZTY2ZCIsInVzZXJfaWQiOiI4In0.JukRnM90Sa2kwXWCllPfnEqjL2U5nF4jWetYR7Uq2i0", "created_at": "2025-11-30T19:49:48.041Z", "expires_at": "2025-12-01T19:49:48Z"}}]